-- phpMyAdmin SQL Dump
-- version 5.2.1
-- https://www.phpmyadmin.net/
--
-- Host: 127.0.0.1
-- Generation Time: Nov 11, 2023 at 10:14 PM
-- Server version: 10.4.28-MariaDB
-- PHP Version: 8.2.4

SET SQL_MODE = "NO_AUTO_VALUE_ON_ZERO";
START TRANSACTION;
SET time_zone = "+00:00";


/*!40101 SET @OLD_CHARACTER_SET_CLIENT=@@CHARACTER_SET_CLIENT */;
/*!40101 SET @OLD_CHARACTER_SET_RESULTS=@@CHARACTER_SET_RESULTS */;
/*!40101 SET @OLD_COLLATION_CONNECTION=@@COLLATION_CONNECTION */;
/*!40101 SET NAMES utf8mb4 */;

--
-- Database: `db_kopi_iu`
--

-- --------------------------------------------------------

--
-- Table structure for table `tbl_bahan`
--

CREATE TABLE `tbl_bahan` (
  `id_bahan` int(11) NOT NULL,
  `id_supplier` int(11) NOT NULL,
  `nama_bahan` varchar(200) NOT NULL,
  `satuan` varchar(200) NOT NULL,
  `persediaan` double NOT NULL,
  `stok` double NOT NULL,
  `harga` double NOT NULL,
  `keterangan` text DEFAULT NULL,
  `LT` int(11) NOT NULL,
  `created_at` timestamp NOT NULL DEFAULT current_timestamp(),
  `modified_at` timestamp NOT NULL DEFAULT current_timestamp() ON UPDATE current_timestamp()
) ENGINE=InnoDB DEFAULT CHARSET=utf8mb4 COLLATE=utf8mb4_general_ci;

--
-- Dumping data for table `tbl_bahan`
--

INSERT INTO `tbl_bahan` (`id_bahan`, `id_supplier`, `nama_bahan`, `satuan`, `persediaan`, `stok`, `harga`, `keterangan`, `LT`, `created_at`, `modified_at`) VALUES
(1, 5, 'Espresso', 'gram', 166500, 51870, 65, 'Masuk', 2, '2023-09-12 16:11:13', '2023-11-11 13:30:34'),
(2, 5, 'Creamer', 'gram', 90000, 32715, 34, 'Masuk', 2, '2023-09-12 16:11:13', '2023-11-11 13:30:34'),
(3, 7, 'SKM', 'ml', 167000, 53265, 13, 'Masuk', 2, '2023-09-12 16:11:13', '2023-11-11 13:30:34'),
(4, 5, 'Es Cream', 'ml', 0, -30, 23, '', 3, '2023-09-12 16:11:13', '2023-11-03 02:23:00'),
(5, 7, 'Fresh Milk', 'ml', 380000, -2100, 8.4, 'Diperbarui Admin', 7, '2023-09-12 16:11:13', '2023-11-11 13:30:34'),
(6, 6, 'Sirup Vanilla', 'ml', 15000, 15000, 104, 'Masuk', 4, '2023-09-12 16:11:13', '2023-10-29 03:58:14'),
(7, 6, 'Sirup Caramel', 'ml', 17500, 17500, 104, 'Masuk', 4, '2023-09-12 16:11:13', '2023-10-29 03:58:08'),
(8, 6, 'Sirup Strawberry', 'ml', 25250, 25235, 104, 'Masuk', 4, '2023-09-12 16:11:13', '2023-11-07 21:36:38'),
(9, 6, 'Sirup Mojito', 'ml', 32500, 32500, 104, 'Masuk', 4, '2023-09-12 16:11:13', '2023-10-29 03:58:08'),
(10, 6, 'Sirup Melon', 'ml', 5000, 5000, 104, 'Masuk', 4, '2023-09-12 16:11:13', '2023-10-29 03:58:14'),
(11, 5, 'Sunquick', 'ml', 0, 0, 104, '', 1, '2023-09-12 16:11:13', '2023-09-12 16:11:13'),
(12, 6, 'Sirup Jenisa', 'ml', 12500, 12500, 104, 'Masuk', 1, '2023-09-12 16:11:13', '2023-10-29 03:58:03'),
(13, 7, 'Soda', 'ml', 0, 0, 140, '', 3, '2023-09-12 16:11:13', '2023-09-12 16:11:13'),
(14, 5, 'Sirup Blue Curacao', 'ml', 0, 0, 104, '', 2, '2023-09-12 16:11:13', '2023-09-12 16:11:13'),
(15, 7, 'Coklat', 'gram', 65500, 65500, 160, 'Masuk', 2, '2023-09-12 16:11:13', '2023-10-01 14:00:00'),
(16, 7, 'Mango', 'ml', 0, 0, 104, '', 3, '2023-09-12 16:11:13', '2023-09-12 16:11:13'),
(17, 5, 'Hazelnut', 'ml', 106000, 105970, 104, 'Masuk', 3, '2023-09-12 16:11:13', '2023-11-04 10:12:49'),
(18, 5, 'Taro', 'gram', 0, 0, 230, '', 3, '2023-09-12 16:11:13', '2023-09-12 16:11:13'),
(19, 5, 'Green Tea', 'gram', 0, 0, 230, '', 3, '2023-09-12 16:11:13', '2023-09-12 16:11:13'),
(20, 5, 'Thai Tea', 'gram', 0, 0, 185, '', 3, '2023-09-12 16:11:13', '2023-09-12 16:11:13'),
(21, 5, 'Butterscotch', 'ml', 0, 150, 104, 'Diperbarui Admin', 3, '2023-09-12 16:11:13', '2023-11-07 02:48:40'),
(22, 4, 'Es Batu', 'gram', 710000, 327900, 2, 'Masuk', 2, '2023-09-12 16:11:13', '2023-11-11 13:30:34'),
(23, 5, 'Arabica', 'gram', 62000, 62000, 70, 'Diperbarui Admin', 3, '2023-09-12 16:17:05', '2023-11-07 02:48:21'),
(24, 4, 'Galon Aqua', 'ml', 0, 0, 6.3, '', 1, '2023-09-16 13:01:48', '2023-09-16 13:01:48'),
(25, 12, 'cappucino', 'gram', 11200, 16800, 150, 'Diperbarui Gudang', 4, '2023-11-03 02:27:56', '2023-11-07 02:56:50'),
(26, 12, 'caramel', 'gram', 0, 320, 1400, NULL, 5, '2023-11-03 20:27:44', '2023-11-03 20:27:44'),
(27, 12, 'Gula', 'ml', 0, 2500, 500, 'Diperbarui Admin', 2, '2023-11-07 02:41:40', '2023-11-07 02:42:53');

-- --------------------------------------------------------

--
-- Table structure for table `tbl_bom`
--

CREATE TABLE `tbl_bom` (
  `id_bom` int(11) NOT NULL,
  `nama_bom` varchar(200) DEFAULT NULL,
  `harga` double NOT NULL,
  `deskripsi` text DEFAULT NULL,
  `created_at` timestamp NOT NULL DEFAULT current_timestamp() ON UPDATE current_timestamp()
) ENGINE=InnoDB DEFAULT CHARSET=utf8mb4 COLLATE=utf8mb4_general_ci;

--
-- Dumping data for table `tbl_bom`
--

INSERT INTO `tbl_bom` (`id_bom`, `nama_bom`, `harga`, `deskripsi`, `created_at`) VALUES
(1, 'Kopi Munu\'u', 18000, 'Kopi Munu\'u merupakan es kopi susu yang menonjol dibuat dari kopi asli yang diracik sedemikian rupa dengan tambahan susu segar yang membuat sensasi kesegaran di lidah dan tenggorokan.', '2023-11-03 03:27:24'),
(2, 'Kopi Romanes', 18000, 'Kopi Romanes merupakan kopi dengan ciri khas rasa kopi yang lebih manis karena terdapat tambahan gula dalam kopi romanes ini', '2023-11-07 02:34:07'),
(3, 'Kopi Queen', 20000, 'Kopi Queen merupakan  kopi yang dibuat dengan creamy dan menghasilkan rasa kopi yang lebih soft', '2023-11-07 02:31:08'),
(4, 'Pink Venom', 17000, 'Pink venom merupakan kopi yang dipadukan dengan strawbery dan dapat menciptakan rasa kopi dengan manis dan asam dari rasa strawbery tersebut ', '2023-11-07 02:37:30');

-- --------------------------------------------------------

--
-- Table structure for table `tbl_bom_detail`
--

CREATE TABLE `tbl_bom_detail` (
  `id_bom_detail` int(11) NOT NULL,
  `id_bom` int(11) DEFAULT NULL,
  `id_bahan` int(11) DEFAULT NULL,
  `jumlah` double DEFAULT NULL,
  `created_at` timestamp NOT NULL DEFAULT current_timestamp() ON UPDATE current_timestamp()
) ENGINE=InnoDB DEFAULT CHARSET=utf8mb4 COLLATE=utf8mb4_general_ci;

--
-- Dumping data for table `tbl_bom_detail`
--

INSERT INTO `tbl_bom_detail` (`id_bom_detail`, `id_bom`, `id_bahan`, `jumlah`, `created_at`) VALUES
(48, 1, 2, 15, '2023-11-03 03:27:24'),
(49, 1, 5, 100, '2023-11-03 03:27:24'),
(50, 1, 1, 30, '2023-11-03 03:27:25'),
(51, 1, 3, 30, '2023-11-03 03:27:25'),
(52, 1, 22, 100, '2023-11-03 03:27:25'),
(53, 3, 5, 100, '2023-11-07 02:31:08'),
(54, 3, 2, 15, '2023-11-07 02:31:08'),
(55, 3, 1, 30, '2023-11-07 02:31:08'),
(56, 3, 3, 15, '2023-11-07 02:31:08'),
(57, 3, 22, 100, '2023-11-07 02:31:08'),
(62, 4, 3, 20, '2023-11-07 02:37:30'),
(63, 4, 5, 100, '2023-11-07 02:37:30'),
(64, 4, 4, 30, '2023-11-07 02:37:30'),
(65, 4, 22, 100, '2023-11-07 02:37:30'),
(66, 4, 8, 15, '2023-11-07 02:37:30'),
(67, 2, 5, 100, '2023-11-07 02:43:32'),
(68, 2, 1, 60, '2023-11-07 02:43:32'),
(69, 2, 22, 100, '2023-11-07 02:43:32'),
(70, 2, 17, 30, '2023-11-07 02:43:32'),
(71, 2, 27, 30, '2023-11-07 02:43:32');

-- --------------------------------------------------------

--
-- Table structure for table `tbl_mrp`
--

CREATE TABLE `tbl_mrp` (
  `id_mrp` int(11) NOT NULL,
  `id_bahan` int(11) DEFAULT NULL,
  `bulan` date DEFAULT NULL,
  `poq` double NOT NULL,
  `frequensi` double NOT NULL,
  `created_at` timestamp NOT NULL DEFAULT current_timestamp() ON UPDATE current_timestamp()
) ENGINE=InnoDB DEFAULT CHARSET=utf8mb4 COLLATE=utf8mb4_general_ci;

--
-- Dumping data for table `tbl_mrp`
--

INSERT INTO `tbl_mrp` (`id_mrp`, `id_bahan`, `bulan`, `poq`, `frequensi`, `created_at`) VALUES
(1, 22, NULL, 2.1853568938192, 15795.833333333, '2023-11-01 04:07:33'),
(2, 2, NULL, 2.0089485905473, 2369.375, '2023-11-01 04:09:13'),
(3, 1, NULL, 1.9321448849665, 4738.75, '2023-11-01 04:11:34'),
(4, 22, NULL, 2.1853568938192, 15795.833333333, '2023-11-03 02:30:00'),
(5, 5, NULL, 1.5987663405449, 15795.833333333, '2023-11-03 20:15:59'),
(6, 5, NULL, 1.5987663405449, 15795.833333333, '2023-11-05 23:11:12'),
(7, 3, NULL, 2.0135927694517, 4376.25, '2023-11-07 02:49:09'),
(8, 22, NULL, 2.1853568938192, 15795.833333333, '2023-11-07 02:58:34'),
(9, 5, NULL, 1.5987663405449, 15795.833333333, '2023-11-07 21:31:17'),
(10, 5, NULL, 1.5987663405449, 15795.833333333, '2023-11-09 20:08:33');

-- --------------------------------------------------------

--
-- Table structure for table `tbl_pengeluaran`
--

CREATE TABLE `tbl_pengeluaran` (
  `id_pengeluaran` int(11) NOT NULL,
  `id_transaksi` int(11) NOT NULL,
  `id_bahan` int(11) DEFAULT NULL,
  `tgl_pengeluaran` datetime DEFAULT NULL,
  `jumlah_bahan` double DEFAULT NULL,
  `created_at` timestamp NOT NULL DEFAULT current_timestamp() ON UPDATE current_timestamp()
) ENGINE=InnoDB DEFAULT CHARSET=utf8mb4 COLLATE=utf8mb4_general_ci;

--
-- Dumping data for table `tbl_pengeluaran`
--

INSERT INTO `tbl_pengeluaran` (`id_pengeluaran`, `id_transaksi`, `id_bahan`, `tgl_pengeluaran`, `jumlah_bahan`, `created_at`) VALUES
(1, 2, 2, '2022-10-16 19:20:00', 375, '2023-10-21 16:36:25'),
(2, 2, 5, '2022-10-16 19:20:00', 2500, '2023-10-21 16:36:25'),
(3, 2, 1, '2022-10-16 19:20:00', 750, '2023-10-21 16:36:25'),
(4, 2, 3, '2022-10-16 19:20:00', 750, '2023-10-21 16:36:25'),
(5, 2, 22, '2022-10-16 19:20:00', 2500, '2023-10-21 16:36:25'),
(6, 2, 5, '2022-10-16 19:20:00', 2000, '2023-10-21 16:36:25'),
(7, 2, 2, '2022-10-16 19:20:00', 300, '2023-10-21 16:36:25'),
(8, 2, 1, '2022-10-16 19:20:00', 600, '2023-10-21 16:36:26'),
(9, 2, 3, '2022-10-16 19:20:00', 300, '2023-10-21 16:36:26'),
(10, 2, 22, '2022-10-16 19:20:00', 2000, '2023-10-21 16:36:26'),
(11, 3, 2, '2022-10-26 12:41:00', 750, '2023-10-29 05:41:39'),
(12, 3, 5, '2022-10-26 12:41:00', 5000, '2023-10-29 05:41:39'),
(13, 3, 1, '2022-10-26 12:41:00', 1500, '2023-10-29 05:41:39'),
(14, 3, 3, '2022-10-26 12:41:00', 1500, '2023-10-29 05:41:39'),
(15, 3, 22, '2022-10-26 12:41:00', 5000, '2023-10-29 05:41:39'),
(16, 3, 5, '2022-10-26 12:41:00', 3000, '2023-10-29 05:41:39'),
(17, 3, 2, '2022-10-26 12:41:00', 450, '2023-10-29 05:41:39'),
(18, 3, 1, '2022-10-26 12:41:00', 900, '2023-10-29 05:41:39'),
(19, 3, 3, '2022-10-26 12:41:00', 450, '2023-10-29 05:41:39'),
(20, 3, 22, '2022-10-26 12:41:00', 3000, '2023-10-29 05:41:39'),
(21, 4, 2, '2022-11-27 12:43:00', 3975, '2023-10-29 05:45:06'),
(22, 4, 5, '2022-11-27 12:43:00', 26500, '2023-10-29 05:45:06'),
(23, 4, 1, '2022-11-27 12:43:00', 7950, '2023-10-29 05:45:06'),
(24, 4, 3, '2023-11-27 12:43:00', 7950, '2023-10-29 05:43:35'),
(25, 4, 22, '2022-11-27 12:43:00', 26500, '2023-10-29 05:45:06'),
(26, 5, 2, '2022-12-30 12:43:00', 4875, '2023-10-29 05:44:09'),
(27, 5, 5, '2022-12-30 12:43:00', 32500, '2023-10-29 05:44:09'),
(28, 5, 1, '2022-12-30 12:43:00', 9750, '2023-10-29 05:44:09'),
(29, 5, 3, '2022-12-30 12:43:00', 9750, '2023-10-29 05:44:09'),
(30, 5, 22, '2022-12-30 12:43:00', 32500, '2023-10-29 05:44:09'),
(31, 6, 2, '2023-01-25 12:45:00', 5250, '2023-10-29 05:46:12'),
(32, 6, 5, '2023-01-25 12:45:00', 35000, '2023-10-29 05:46:12'),
(33, 6, 1, '2023-01-25 12:45:00', 10500, '2023-10-29 05:46:12'),
(34, 6, 3, '2023-01-25 12:45:00', 10500, '2023-10-29 05:46:12'),
(35, 6, 22, '2023-01-25 12:45:00', 35000, '2023-10-29 05:46:12'),
(36, 7, 2, '2023-02-28 12:46:00', 3525, '2023-10-29 05:46:42'),
(37, 7, 5, '2023-02-28 12:46:00', 23500, '2023-10-29 05:46:42'),
(38, 7, 1, '2023-02-28 12:46:00', 7050, '2023-10-29 05:46:42'),
(39, 7, 3, '2023-02-28 12:46:00', 7050, '2023-10-29 05:46:42'),
(40, 7, 22, '2023-02-28 12:46:00', 23500, '2023-10-29 05:46:42'),
(41, 8, 2, '2023-03-25 12:46:00', 5625, '2023-10-29 05:47:13'),
(42, 8, 5, '2023-03-25 12:46:00', 37500, '2023-10-29 05:47:13'),
(43, 8, 1, '2023-03-25 12:46:00', 11250, '2023-10-29 05:47:13'),
(44, 8, 3, '2023-03-25 12:46:00', 11250, '2023-10-29 05:47:13'),
(45, 8, 22, '2023-03-25 12:46:00', 37500, '2023-10-29 05:47:13'),
(46, 9, 2, '2023-04-17 12:47:00', 8175, '2023-10-29 05:48:13'),
(47, 9, 5, '2023-04-17 12:47:00', 54500, '2023-10-29 05:48:13'),
(48, 9, 1, '2023-04-17 12:47:00', 16350, '2023-10-29 05:48:13'),
(49, 9, 3, '2023-04-17 12:47:00', 16350, '2023-10-29 05:48:13'),
(50, 9, 22, '2023-04-17 12:47:00', 54500, '2023-10-29 05:48:13'),
(51, 10, 2, '2023-05-30 12:48:00', 8025, '2023-10-29 05:48:43'),
(52, 10, 5, '2023-05-30 12:48:00', 53500, '2023-10-29 05:48:43'),
(53, 10, 1, '2023-05-30 12:48:00', 16050, '2023-10-29 05:48:43'),
(54, 10, 3, '2023-05-30 12:48:00', 16050, '2023-10-29 05:48:43'),
(55, 10, 22, '2023-05-30 12:48:00', 53500, '2023-10-29 05:48:43'),
(56, 11, 2, '2023-06-06 13:54:00', 9990, '2023-10-29 05:49:07'),
(57, 11, 5, '2023-06-06 13:54:00', 66600, '2023-10-29 05:49:07'),
(58, 11, 1, '2023-06-06 13:54:00', 19980, '2023-10-29 05:49:07'),
(59, 11, 3, '2023-06-06 13:54:00', 19980, '2023-10-29 05:49:07'),
(60, 11, 22, '2023-06-06 13:54:00', 66600, '2023-10-29 05:49:07'),
(61, 12, 2, '2023-07-26 12:49:00', 3825, '2023-10-29 05:49:41'),
(62, 12, 5, '2023-07-26 12:49:00', 25500, '2023-10-29 05:49:41'),
(63, 12, 1, '2023-07-26 12:49:00', 7650, '2023-10-29 05:49:41'),
(64, 12, 3, '2023-07-26 12:49:00', 7650, '2023-10-29 05:49:41'),
(65, 12, 22, '2023-07-26 12:49:00', 25500, '2023-10-29 05:49:41'),
(66, 13, 2, '2023-08-04 12:50:00', 1725, '2023-10-29 05:50:15'),
(67, 13, 5, '2023-08-04 12:50:00', 11500, '2023-10-29 05:50:15'),
(68, 13, 1, '2023-08-04 12:50:00', 3450, '2023-10-29 05:50:15'),
(69, 13, 3, '2023-08-04 12:50:00', 3450, '2023-10-29 05:50:15'),
(70, 13, 22, '2023-08-04 12:50:00', 11500, '2023-10-29 05:50:15'),
(71, 14, 2, '2023-11-01 11:29:54', 30, '2023-11-01 04:30:27'),
(72, 14, 5, '2023-11-01 11:29:54', 200, '2023-11-01 04:30:28'),
(73, 14, 1, '2023-11-01 11:29:54', 60, '2023-11-01 04:30:28'),
(74, 14, 3, '2023-11-01 11:29:54', 60, '2023-11-01 04:30:28'),
(75, 14, 22, '2023-11-01 11:29:54', 200, '2023-11-01 04:30:28'),
(76, 14, 5, '2023-11-01 11:29:54', 100, '2023-11-01 04:30:28'),
(77, 14, 2, '2023-11-01 11:29:54', 15, '2023-11-01 04:30:29'),
(78, 14, 1, '2023-11-01 11:29:54', 30, '2023-11-01 04:30:29'),
(79, 14, 3, '2023-11-01 11:29:54', 15, '2023-11-01 04:30:29'),
(80, 14, 22, '2023-11-01 11:29:54', 100, '2023-11-01 04:30:29'),
(81, 15, 2, '2023-11-03 09:21:32', 30, '2023-11-03 02:22:02'),
(82, 15, 5, '2023-11-03 09:21:32', 200, '2023-11-03 02:22:03'),
(83, 15, 1, '2023-11-03 09:21:32', 60, '2023-11-03 02:22:03'),
(84, 15, 3, '2023-11-03 09:21:32', 60, '2023-11-03 02:22:03'),
(85, 15, 22, '2023-11-03 09:21:32', 200, '2023-11-03 02:22:03'),
(86, 16, 5, '2023-11-02 19:23:00', 100, '2023-11-03 02:23:45'),
(87, 16, 2, '2023-11-02 19:23:00', 15, '2023-11-03 02:23:45'),
(88, 16, 1, '2023-11-02 19:23:00', 30, '2023-11-03 02:23:46'),
(89, 16, 3, '2023-11-02 19:23:00', 15, '2023-11-03 02:23:46'),
(90, 16, 22, '2023-11-02 19:23:00', 100, '2023-11-03 02:23:46'),
(91, 16, 3, '2023-11-02 19:23:00', 20, '2023-11-03 02:23:46'),
(92, 16, 5, '2023-11-02 19:23:00', 100, '2023-11-03 02:23:46'),
(93, 16, 4, '2023-11-02 19:23:00', 30, '2023-11-03 02:23:46'),
(94, 16, 22, '2023-11-02 19:23:00', 100, '2023-11-03 02:23:46'),
(95, 16, 8, '2023-11-02 19:23:00', 15, '2023-11-03 02:23:46'),
(96, 17, 2, '2023-11-04 03:12:49', 30, '2023-11-03 20:13:09'),
(97, 17, 5, '2023-11-04 03:12:49', 200, '2023-11-03 20:13:09'),
(98, 17, 1, '2023-11-04 03:12:49', 60, '2023-11-03 20:13:09'),
(99, 17, 3, '2023-11-04 03:12:49', 60, '2023-11-03 20:13:09'),
(100, 17, 22, '2023-11-04 03:12:49', 200, '2023-11-03 20:13:09'),
(101, 17, 5, '2023-11-04 03:12:49', 100, '2023-11-03 20:13:09'),
(102, 17, 1, '2023-11-04 03:12:49', 60, '2023-11-03 20:13:10'),
(103, 17, 22, '2023-11-04 03:12:49', 100, '2023-11-03 20:13:10'),
(104, 17, 17, '2023-11-04 03:12:49', 30, '2023-11-03 20:13:10'),
(105, 18, 2, '2023-11-03 13:13:00', 15, '2023-11-03 20:14:12'),
(106, 18, 5, '2023-11-03 13:13:00', 100, '2023-11-03 20:14:12'),
(107, 18, 1, '2023-11-03 13:13:00', 30, '2023-11-03 20:14:12'),
(108, 18, 3, '2023-11-03 13:13:00', 30, '2023-11-03 20:14:14'),
(109, 18, 22, '2023-11-03 13:13:00', 100, '2023-11-03 20:14:15'),
(110, 19, 5, '2023-11-07 09:44:31', 500, '2023-11-07 02:45:27'),
(111, 19, 2, '2023-11-07 09:44:31', 75, '2023-11-07 02:45:27'),
(112, 19, 1, '2023-11-07 09:44:31', 150, '2023-11-07 02:45:27'),
(113, 19, 3, '2023-11-07 09:44:31', 75, '2023-11-07 02:45:27'),
(114, 19, 22, '2023-11-07 09:44:31', 500, '2023-11-07 02:45:27'),
(115, 19, 2, '2023-11-07 09:44:31', 150, '2023-11-07 02:45:28'),
(116, 19, 5, '2023-11-07 09:44:31', 1000, '2023-11-07 02:45:28'),
(117, 19, 1, '2023-11-07 09:44:31', 300, '2023-11-07 02:45:28'),
(118, 19, 3, '2023-11-07 09:44:31', 300, '2023-11-07 02:45:28'),
(119, 19, 22, '2023-11-07 09:44:31', 1000, '2023-11-07 02:45:28'),
(120, 20, 2, '2023-11-08 04:24:00', 30, '2023-11-07 21:24:14'),
(121, 20, 5, '2023-11-08 04:24:00', 200, '2023-11-07 21:24:14'),
(122, 20, 1, '2023-11-08 04:24:00', 60, '2023-11-07 21:24:14'),
(123, 20, 3, '2023-11-08 04:24:00', 60, '2023-11-07 21:24:14'),
(124, 20, 22, '2023-11-08 04:24:00', 200, '2023-11-07 21:24:15'),
(125, 21, 2, '2023-11-10 03:26:35', 15, '2023-11-09 20:26:49'),
(126, 21, 5, '2023-11-10 03:26:35', 100, '2023-11-09 20:26:50'),
(127, 21, 1, '2023-11-10 03:26:35', 30, '2023-11-09 20:26:50'),
(128, 21, 3, '2023-11-10 03:26:35', 30, '2023-11-09 20:26:50'),
(129, 21, 22, '2023-11-10 03:26:35', 100, '2023-11-09 20:26:50'),
(130, 22, 2, '2023-11-11 05:30:34', 15, '2023-11-10 22:31:38'),
(131, 22, 5, '2023-11-11 05:30:34', 100, '2023-11-10 22:31:38'),
(132, 22, 1, '2023-11-11 05:30:34', 30, '2023-11-10 22:31:38'),
(133, 22, 3, '2023-11-11 05:30:34', 30, '2023-11-10 22:31:38'),
(134, 22, 22, '2023-11-11 05:30:34', 100, '2023-11-10 22:31:39');

--
-- Triggers `tbl_pengeluaran`
--
DELIMITER $$
CREATE TRIGGER `stok_after_produksi` AFTER INSERT ON `tbl_pengeluaran` FOR EACH ROW UPDATE tbl_bahan 
	SET stok = stok-NEW.jumlah_bahan,
    modified_at = NEW.tgl_pengeluaran
    WHERE id_bahan = NEW.id_bahan
$$
DELIMITER ;

-- --------------------------------------------------------

--
-- Table structure for table `tbl_pesanan`
--

CREATE TABLE `tbl_pesanan` (
  `id_pesanan` int(11) NOT NULL,
  `id_supplier` int(11) NOT NULL,
  `tgl_pesanan` datetime DEFAULT NULL,
  `tgl_penerimaan` datetime DEFAULT NULL,
  `total_biaya` int(11) NOT NULL,
  `keterangan` text DEFAULT NULL,
  `status` int(11) DEFAULT NULL,
  `created_at` timestamp NOT NULL DEFAULT current_timestamp() ON UPDATE current_timestamp()
) ENGINE=InnoDB DEFAULT CHARSET=utf8mb4 COLLATE=utf8mb4_general_ci;

--
-- Dumping data for table `tbl_pesanan`
--

INSERT INTO `tbl_pesanan` (`id_pesanan`, `id_supplier`, `tgl_pesanan`, `tgl_penerimaan`, `total_biaya`, `keterangan`, `status`, `created_at`) VALUES
(1, 7, '2022-10-01 10:10:00', '2023-10-21 12:39:08', 5552000, 'Diterima', 1, '2023-10-21 10:39:08'),
(2, 7, '2022-12-02 09:09:00', '2023-10-21 12:39:34', 1089000, 'Diterima', 1, '2023-10-21 10:39:34'),
(3, 7, '2023-01-10 12:00:00', '2023-10-21 17:02:04', 2521000, 'Diterima', 1, '2023-10-21 15:02:04'),
(4, 7, '2023-03-03 12:30:00', '2023-10-21 17:02:10', 416000, 'Diterima', 1, '2023-10-21 15:02:10'),
(5, 7, '2023-04-01 09:10:00', '2023-10-21 17:02:15', 834000, 'Diterima', 1, '2023-10-21 15:02:15'),
(6, 7, '2023-06-07 13:10:00', '2023-10-21 17:02:25', 1786000, 'Diterima', 1, '2023-10-21 15:02:25'),
(7, 7, '2023-07-03 10:30:00', '2023-10-21 17:02:33', 643000, 'Diterima', 1, '2023-10-21 15:02:33'),
(8, 7, '2023-09-01 11:20:00', '2023-10-21 17:02:44', 2850000, 'Diterima', 1, '2023-10-21 15:02:44'),
(9, 4, '2022-10-02 09:10:00', '2023-10-21 16:57:38', 50000, 'Diterima', 1, '2023-10-21 14:57:38'),
(10, 4, '2022-10-10 10:00:00', '2023-10-21 17:01:00', 60000, 'Diterima', 1, '2023-10-21 15:01:00'),
(11, 4, '2022-10-20 10:10:00', '2023-10-21 17:01:09', 40000, 'Diterima', 1, '2023-10-21 15:01:09'),
(12, 4, '2022-10-23 11:00:00', NULL, 30000, 'Ditolak Supplier', 0, '2023-10-21 14:30:40'),
(13, 4, '2022-11-08 11:00:00', '2023-10-21 17:01:15', 20000, 'Diterima', 1, '2023-10-21 15:01:15'),
(14, 4, '2022-11-21 09:00:00', '2023-10-21 17:01:22', 50000, 'Diterima', 1, '2023-10-21 15:01:22'),
(15, 4, '2022-12-03 10:00:00', '2023-10-21 17:01:38', 30000, 'Diterima', 1, '2023-10-21 15:01:38'),
(16, 4, '2022-12-27 09:00:00', '2023-10-21 17:01:57', 60000, 'Diterima', 1, '2023-10-21 15:01:57'),
(17, 4, '2023-01-07 10:00:00', '2023-10-21 17:02:52', 60000, 'Diterima', 1, '2023-10-21 15:02:52'),
(18, 4, '2023-01-19 09:30:00', '2023-10-21 17:03:01', 30000, 'Diterima', 1, '2023-10-21 15:03:01'),
(19, 4, '2023-03-03 10:30:00', NULL, 50000, 'Ditolak Supplier', 0, '2023-10-21 14:37:17'),
(20, 4, '2023-02-02 10:40:00', '2023-10-21 17:03:07', 30000, 'Diterima', 1, '2023-10-21 15:03:07'),
(21, 4, '2023-02-17 11:00:00', '2023-10-21 17:03:14', 70000, 'Diterima', 1, '2023-10-21 15:03:14'),
(22, 4, '2023-03-14 10:45:00', '2023-10-21 17:03:20', 40000, 'Diterima', 1, '2023-10-21 15:03:20'),
(23, 4, '2023-03-25 09:00:00', '2023-10-21 17:03:34', 70000, 'Diterima', 1, '2023-10-21 15:03:34'),
(24, 4, '2023-04-11 10:20:00', '2023-10-21 17:03:45', 50000, 'Diterima', 1, '2023-10-21 15:03:45'),
(25, 4, '2023-04-23 10:00:00', '2023-10-21 17:04:02', 70000, 'Diterima', 1, '2023-10-21 15:04:02'),
(26, 4, '2023-05-04 10:11:00', '2023-10-21 17:04:08', 100000, 'Diterima', 1, '2023-10-21 15:04:08'),
(27, 4, '2023-05-20 11:20:00', '2023-10-21 17:04:13', 50000, 'Diterima', 1, '2023-10-21 15:04:13'),
(28, 4, '2023-06-02 09:45:00', '2023-10-21 17:04:18', 70000, 'Diterima', 1, '2023-10-21 15:04:18'),
(29, 4, '2023-06-13 11:00:00', '2023-10-21 17:04:23', 90000, 'Diterima', 1, '2023-10-21 15:04:23'),
(30, 4, '2023-06-27 09:20:00', '2023-10-21 17:04:29', 60000, 'Diterima', 1, '2023-10-21 15:04:29'),
(31, 4, '2023-07-09 11:11:00', '2023-10-21 17:04:34', 50000, 'Diterima', 1, '2023-10-21 15:04:34'),
(32, 4, '2023-07-14 10:23:00', '2023-10-21 17:04:40', 40000, 'Diterima', 1, '2023-10-21 15:04:40'),
(33, 4, '2023-07-25 12:01:00', '2023-10-21 17:04:45', 70000, 'Diterima', 1, '2023-10-21 15:04:45'),
(34, 4, '2023-08-09 09:23:00', '2023-10-21 17:04:51', 50000, 'Diterima', 1, '2023-10-21 15:04:51'),
(35, 4, '2023-08-20 10:34:00', '2023-10-21 17:04:55', 70000, 'Diterima', 1, '2023-10-21 15:04:55'),
(36, 4, '2023-09-02 10:53:00', '2023-10-21 17:05:01', 40000, 'Diterima', 1, '2023-10-21 15:05:01'),
(37, 5, '2022-10-04 09:45:00', '2023-10-29 04:56:05', 5226000, 'Diterima', 1, '2023-10-29 03:56:05'),
(38, 5, '2022-11-12 10:34:00', '2023-10-29 04:56:11', 5369000, 'Diterima', 1, '2023-10-29 03:56:11'),
(39, 5, '2022-12-18 11:04:00', '2023-10-29 04:56:17', 5044000, 'Diterima', 1, '2023-10-29 03:56:17'),
(40, 5, '2023-02-05 10:34:00', '2023-10-29 04:56:23', 4520000, 'Diterima', 1, '2023-10-29 03:56:23'),
(41, 5, '2023-03-14 11:20:00', '2023-10-29 04:56:30', 2747500, 'Diterima', 1, '2023-10-29 03:56:30'),
(42, 5, '2023-05-07 09:20:00', '2023-10-29 04:56:36', 1900000, 'Diterima', 1, '2023-10-29 03:56:36'),
(43, 5, '2023-07-12 11:23:00', '2023-10-29 04:56:41', 3080000, 'Diterima', 1, '2023-10-29 03:56:41'),
(44, 5, '2023-07-16 12:31:00', NULL, 3225000, 'Ditolak Supplier', 0, '2023-10-21 15:10:26'),
(45, 5, '2023-08-06 09:32:00', '2023-10-29 04:56:46', 1360000, 'Diterima', 1, '2023-10-29 03:56:46'),
(46, 6, '2022-12-12 14:23:00', '2023-10-29 04:56:52', 2600000, 'Diterima', 1, '2023-10-29 03:56:52'),
(47, 6, '2023-01-02 20:30:00', '2023-10-29 04:56:58', 1300000, 'Diterima', 1, '2023-10-29 03:56:58'),
(48, 6, '2023-01-17 13:23:00', '2023-10-29 04:57:57', 1560000, 'Diterima', 1, '2023-10-29 03:57:57'),
(49, 6, '2023-03-02 12:33:00', '2023-10-29 04:58:03', 3120000, 'Diterima', 1, '2023-10-29 03:58:03'),
(50, 6, '2023-06-12 13:54:00', '2023-10-29 04:58:08', 1560000, 'Diterima', 1, '2023-10-29 03:58:08'),
(51, 6, '2023-08-23 10:34:00', '2023-10-29 04:58:14', 1040000, 'Diterima', 1, '2023-10-29 03:58:14'),
(52, 5, '2023-10-31 21:33:00', NULL, 1040000, 'Pemesanan', 0, '2023-11-01 04:34:56'),
(53, 12, '2023-11-02 19:31:00', '2023-11-03 03:35:43', 225000, 'Diterima', 1, '2023-11-03 02:35:43'),
(54, 12, '2023-11-03 13:20:00', '2023-11-03 21:23:23', 180000, 'Diterima', 1, '2023-11-03 20:23:23'),
(55, 7, '2023-11-03 14:14:00', NULL, 72000000, 'Pemesanan', 0, '2023-11-03 21:18:26'),
(56, 12, '2023-11-06 06:15:00', '2023-11-07 03:56:27', 1275000, 'Diterima', 1, '2023-11-07 02:56:27'),
(57, 6, '2023-11-07 13:32:00', '2023-11-07 22:36:38', 26000, 'Diterima', 1, '2023-11-07 21:36:38'),
(58, 6, '2023-11-09 12:15:00', NULL, 15600000, 'Pemesanan', 0, '2023-11-09 20:15:50');

-- --------------------------------------------------------

--
-- Table structure for table `tbl_pesanan_detail`
--

CREATE TABLE `tbl_pesanan_detail` (
  `id_pesanan_detail` int(11) NOT NULL,
  `id_pesanan` int(11) NOT NULL,
  `id_bahan` int(11) NOT NULL,
  `jml_bahan` int(11) NOT NULL,
  `jml_harga` int(11) NOT NULL,
  `created_at` timestamp NOT NULL DEFAULT current_timestamp() ON UPDATE current_timestamp()
) ENGINE=InnoDB DEFAULT CHARSET=utf8mb4 COLLATE=utf8mb4_general_ci;

--
-- Dumping data for table `tbl_pesanan_detail`
--

INSERT INTO `tbl_pesanan_detail` (`id_pesanan_detail`, `id_pesanan`, `id_bahan`, `jml_bahan`, `jml_harga`, `created_at`) VALUES
(1, 1, 5, 54000, 432000, '2023-10-21 10:16:34'),
(2, 1, 15, 32000, 5120000, '2023-10-21 10:16:34'),
(3, 2, 5, 63000, 504000, '2023-10-21 10:21:07'),
(4, 2, 3, 45000, 585000, '2023-10-21 10:21:07'),
(5, 3, 5, 35000, 280000, '2023-10-21 10:22:36'),
(6, 3, 3, 37000, 481000, '2023-10-21 10:22:36'),
(7, 3, 15, 11000, 1760000, '2023-10-21 10:22:36'),
(8, 4, 5, 52000, 416000, '2023-10-21 10:23:26'),
(9, 5, 5, 36000, 288000, '2023-10-21 10:24:14'),
(10, 5, 3, 42000, 546000, '2023-10-21 10:24:14'),
(11, 6, 5, 44000, 352000, '2023-10-21 10:25:14'),
(12, 6, 15, 7500, 1200000, '2023-10-21 10:25:14'),
(13, 6, 3, 18000, 234000, '2023-10-21 10:25:14'),
(14, 7, 5, 56000, 448000, '2023-10-21 10:26:07'),
(15, 7, 3, 15000, 195000, '2023-10-21 10:26:07'),
(16, 8, 5, 40000, 320000, '2023-10-21 10:27:00'),
(17, 8, 3, 10000, 130000, '2023-10-21 10:27:00'),
(18, 8, 15, 15000, 2400000, '2023-10-21 10:27:00'),
(19, 9, 22, 25000, 50000, '2023-10-21 10:30:20'),
(20, 10, 22, 30000, 60000, '2023-10-21 10:30:59'),
(21, 11, 22, 20000, 40000, '2023-10-21 10:31:33'),
(22, 12, 22, 15000, 30000, '2023-10-21 11:17:03'),
(23, 13, 22, 10000, 20000, '2023-10-21 11:20:03'),
(24, 14, 22, 25000, 50000, '2023-10-21 11:20:38'),
(25, 15, 22, 15000, 30000, '2023-10-21 11:22:16'),
(26, 16, 22, 30000, 60000, '2023-10-21 11:22:53'),
(27, 17, 22, 30000, 60000, '2023-10-21 11:23:55'),
(28, 18, 22, 15000, 30000, '2023-10-21 11:24:32'),
(29, 19, 22, 25000, 50000, '2023-10-21 11:48:47'),
(30, 20, 22, 15000, 30000, '2023-10-21 11:49:24'),
(31, 21, 22, 35000, 70000, '2023-10-21 11:49:57'),
(32, 22, 22, 20000, 40000, '2023-10-21 11:50:46'),
(33, 23, 22, 35000, 70000, '2023-10-21 11:51:20'),
(34, 24, 22, 25000, 50000, '2023-10-21 11:51:57'),
(35, 25, 22, 35000, 70000, '2023-10-21 11:52:50'),
(36, 26, 22, 50000, 100000, '2023-10-21 11:53:24'),
(37, 27, 22, 25000, 50000, '2023-10-21 11:53:56'),
(38, 28, 22, 35000, 70000, '2023-10-21 11:54:31'),
(39, 29, 22, 45000, 90000, '2023-10-21 11:55:13'),
(40, 30, 22, 30000, 60000, '2023-10-21 11:55:55'),
(41, 31, 22, 25000, 50000, '2023-10-21 11:56:23'),
(42, 32, 22, 20000, 40000, '2023-10-21 11:57:07'),
(43, 33, 22, 35000, 70000, '2023-10-21 11:57:35'),
(44, 34, 22, 25000, 50000, '2023-10-21 11:58:07'),
(45, 35, 22, 35000, 70000, '2023-10-21 11:58:53'),
(46, 36, 22, 20000, 40000, '2023-10-21 11:59:21'),
(47, 37, 17, 24000, 2496000, '2023-10-21 12:01:18'),
(48, 37, 1, 42000, 2730000, '2023-10-21 12:01:18'),
(49, 38, 1, 25000, 1625000, '2023-10-21 12:02:10'),
(50, 38, 17, 36000, 3744000, '2023-10-21 12:02:10'),
(51, 39, 1, 52000, 3380000, '2023-10-21 12:03:09'),
(52, 39, 17, 16000, 1664000, '2023-10-21 12:03:10'),
(53, 40, 2, 45000, 1530000, '2023-10-21 14:04:03'),
(54, 40, 1, 22000, 1430000, '2023-10-21 14:04:03'),
(55, 40, 17, 15000, 1560000, '2023-10-21 14:04:03'),
(56, 41, 23, 25000, 1750000, '2023-10-21 14:05:34'),
(57, 41, 2, 15000, 510000, '2023-10-21 14:05:34'),
(58, 41, 1, 7500, 487500, '2023-10-21 14:05:34'),
(59, 42, 2, 25000, 850000, '2023-10-21 14:06:46'),
(60, 42, 23, 15000, 1050000, '2023-10-21 14:06:46'),
(61, 43, 23, 10000, 700000, '2023-10-21 14:08:00'),
(62, 43, 1, 10000, 650000, '2023-10-21 14:08:00'),
(63, 43, 2, 5000, 170000, '2023-10-21 14:08:00'),
(64, 43, 17, 15000, 1560000, '2023-10-21 14:08:00'),
(65, 44, 19, 10000, 2300000, '2023-10-21 14:09:26'),
(66, 44, 20, 5000, 925000, '2023-10-21 14:09:26'),
(67, 45, 23, 12000, 840000, '2023-10-21 14:10:53'),
(68, 45, 1, 8000, 520000, '2023-10-21 14:10:53'),
(69, 46, 8, 15000, 1560000, '2023-10-21 14:11:57'),
(70, 46, 7, 5000, 520000, '2023-10-21 14:11:57'),
(71, 46, 6, 5000, 520000, '2023-10-21 14:11:57'),
(72, 47, 12, 7500, 780000, '2023-10-21 14:12:47'),
(73, 47, 9, 5000, 520000, '2023-10-21 14:12:47'),
(74, 48, 9, 10000, 1040000, '2023-10-21 14:13:27'),
(75, 48, 8, 5000, 520000, '2023-10-21 14:13:27'),
(76, 49, 7, 7500, 780000, '2023-10-21 14:14:37'),
(77, 49, 12, 5000, 520000, '2023-10-21 14:14:37'),
(78, 49, 9, 7500, 780000, '2023-10-21 14:14:37'),
(79, 49, 8, 5000, 520000, '2023-10-21 14:14:37'),
(80, 49, 6, 5000, 520000, '2023-10-21 14:14:37'),
(81, 50, 9, 10000, 1040000, '2023-10-21 14:15:18'),
(82, 50, 7, 5000, 520000, '2023-10-21 14:15:18'),
(83, 51, 10, 5000, 520000, '2023-10-21 14:15:57'),
(84, 51, 6, 5000, 520000, '2023-10-21 14:15:57'),
(85, 52, 21, 10000, 1040000, '2023-11-01 04:34:57'),
(86, 53, 25, 1500, 225000, '2023-11-03 02:32:07'),
(87, 54, 25, 1200, 180000, '2023-11-03 20:21:37'),
(88, 55, 5, 9000000, 72000000, '2023-11-03 21:18:26'),
(89, 56, 25, 8500, 1275000, '2023-11-07 02:53:28'),
(90, 57, 8, 250, 26000, '2023-11-07 21:33:04'),
(91, 58, 7, 150000, 15600000, '2023-11-09 20:15:50');

-- --------------------------------------------------------

--
-- Table structure for table `tbl_transaksi`
--

CREATE TABLE `tbl_transaksi` (
  `id_transaksi` int(11) NOT NULL,
  `id_user` int(11) NOT NULL,
  `jumlah_produk` int(11) NOT NULL,
  `total_harga` int(11) NOT NULL,
  `tgl_transaksi` datetime NOT NULL,
  `created_at` timestamp NOT NULL DEFAULT current_timestamp()
) ENGINE=InnoDB DEFAULT CHARSET=utf8mb4 COLLATE=utf8mb4_general_ci;

--
-- Dumping data for table `tbl_transaksi`
--

INSERT INTO `tbl_transaksi` (`id_transaksi`, `id_user`, `jumlah_produk`, `total_harga`, `tgl_transaksi`, `created_at`) VALUES
(1, 2, 40, 750000, '2022-10-13 19:00:00', '2023-10-21 16:32:54'),
(2, 2, 45, 850000, '2022-10-16 19:20:00', '2023-10-21 16:36:25'),
(3, 2, 80, 1500000, '2022-10-26 12:41:00', '2023-10-29 05:41:39'),
(4, 2, 265, 4770000, '2022-11-27 12:43:00', '2023-10-29 05:43:35'),
(5, 2, 325, 5850000, '2022-12-30 12:43:00', '2023-10-29 05:44:09'),
(6, 2, 350, 6300000, '2023-01-25 12:45:00', '2023-10-29 05:46:12'),
(7, 2, 235, 4230000, '2023-02-28 12:46:00', '2023-10-29 05:46:42'),
(8, 2, 375, 6750000, '2023-03-25 12:46:00', '2023-10-29 05:47:13'),
(9, 2, 545, 9810000, '2023-04-17 12:47:00', '2023-10-29 05:48:13'),
(10, 2, 535, 9630000, '2023-05-30 12:48:00', '2023-10-29 05:48:43'),
(11, 2, 666, 11988000, '2023-06-06 13:54:00', '2023-10-29 05:49:07'),
(12, 2, 255, 4590000, '2023-07-26 12:49:00', '2023-10-29 05:49:41'),
(13, 2, 115, 2070000, '2023-08-04 12:50:00', '2023-10-29 05:50:15'),
(14, 19, 3, 56000, '2023-11-01 11:29:54', '2023-11-01 04:30:25'),
(15, 20, 2, 36000, '2023-11-03 09:21:32', '2023-11-03 02:22:02'),
(16, 2, 2, 37000, '2023-11-02 19:23:00', '2023-11-03 02:23:45'),
(17, 19, 3, 54000, '2023-11-04 03:12:49', '2023-11-03 20:13:09'),
(18, 2, 1, 18000, '2023-11-03 13:13:00', '2023-11-03 20:14:12'),
(19, 21, 15, 280000, '2023-11-07 09:44:31', '2023-11-07 02:45:27'),
(20, 22, 2, 36000, '2023-11-08 04:24:00', '2023-11-07 21:24:13'),
(21, 19, 1, 18000, '2023-11-10 03:26:35', '2023-11-09 20:26:49'),
(22, 19, 1, 18000, '2023-11-11 05:30:34', '2023-11-10 22:31:38');

-- --------------------------------------------------------

--
-- Table structure for table `tbl_transaksi_detail`
--

CREATE TABLE `tbl_transaksi_detail` (
  `id_transaksi_detail` int(11) NOT NULL,
  `id_transaksi` int(11) NOT NULL,
  `id_bom` int(11) NOT NULL,
  `quantity` int(11) NOT NULL,
  `jumlah_harga` int(11) NOT NULL,
  `created_at` timestamp NOT NULL DEFAULT current_timestamp() ON UPDATE current_timestamp()
) ENGINE=InnoDB DEFAULT CHARSET=utf8mb4 COLLATE=utf8mb4_general_ci;

--
-- Dumping data for table `tbl_transaksi_detail`
--

INSERT INTO `tbl_transaksi_detail` (`id_transaksi_detail`, `id_transaksi`, `id_bom`, `quantity`, `jumlah_harga`, `created_at`) VALUES
(1, 1, 1, 25, 450000, '2023-10-21 16:32:54'),
(2, 2, 1, 25, 450000, '2023-10-21 16:36:25'),
(3, 2, 3, 20, 400000, '2023-10-21 16:36:25'),
(4, 3, 1, 50, 900000, '2023-10-29 05:41:39'),
(5, 3, 3, 30, 600000, '2023-10-29 05:41:39'),
(6, 4, 1, 265, 4770000, '2023-10-29 05:43:35'),
(7, 5, 1, 325, 5850000, '2023-10-29 05:44:09'),
(8, 6, 1, 350, 6300000, '2023-10-29 05:46:12'),
(9, 7, 1, 235, 4230000, '2023-10-29 05:46:42'),
(10, 8, 1, 375, 6750000, '2023-10-29 05:47:13'),
(11, 9, 1, 545, 9810000, '2023-10-29 05:48:13'),
(12, 10, 1, 535, 9630000, '2023-10-29 05:48:43'),
(13, 11, 1, 666, 11988000, '2023-10-29 05:49:07'),
(14, 12, 1, 255, 4590000, '2023-10-29 05:49:41'),
(15, 13, 1, 115, 2070000, '2023-10-29 05:50:15'),
(16, 14, 1, 2, 36000, '2023-11-01 04:30:26'),
(17, 14, 3, 1, 20000, '2023-11-01 04:30:28'),
(18, 15, 1, 2, 36000, '2023-11-03 02:22:02'),
(19, 16, 3, 1, 20000, '2023-11-03 02:23:45'),
(20, 16, 4, 1, 17000, '2023-11-03 02:23:46'),
(21, 17, 1, 2, 36000, '2023-11-03 20:13:09'),
(22, 17, 2, 1, 18000, '2023-11-03 20:13:09'),
(23, 18, 1, 1, 18000, '2023-11-03 20:14:12'),
(24, 19, 3, 5, 100000, '2023-11-07 02:45:27'),
(25, 19, 1, 10, 180000, '2023-11-07 02:45:27'),
(26, 20, 1, 2, 36000, '2023-11-07 21:24:14'),
(27, 21, 1, 1, 18000, '2023-11-09 20:26:49'),
(28, 22, 1, 1, 18000, '2023-11-10 22:31:38');

-- --------------------------------------------------------

--
-- Table structure for table `tbl_user`
--

CREATE TABLE `tbl_user` (
  `id_user` int(11) NOT NULL,
  `nama_user` varchar(100) NOT NULL,
  `no_hp` varchar(13) DEFAULT NULL,
  `alamat` text DEFAULT NULL,
  `username` varchar(50) NOT NULL,
  `password` varchar(200) NOT NULL,
  `role` enum('Owner','Admin','Gudang','Supplier','Customer') NOT NULL
) ENGINE=InnoDB DEFAULT CHARSET=utf8mb4 COLLATE=utf8mb4_general_ci;

--
-- Dumping data for table `tbl_user`
--

INSERT INTO `tbl_user` (`id_user`, `nama_user`, `no_hp`, `alamat`, `username`, `password`, `role`) VALUES
(1, 'Andre Agustian', NULL, NULL, 'owner', '72122ce96bfec66e2396d2e25225d70a', 'Owner'),
(2, 'Suci Inayah', NULL, NULL, 'admin', '21232f297a57a5a743894a0e4a801fc3', 'Admin'),
(3, 'Dadan Maulana', NULL, NULL, 'gudang', '202446dd1d6028084426867365b0c7a1', 'Gudang'),
(4, 'Toni Kurniawan', '087724565785', 'RT.18/RW.4, Ancaran, Kec. Kuningan, Kabupaten Kuningan, Jawa Barat.', 'supplier', '99b0e8da24e29e4ccb5d7d76e677c2ac', 'Supplier'),
(5, 'PT Cipta Rasa', '085224542362', 'Gg. Sukasingkir No.21, Pamoyanan, Kec. Cicendo, Kota Bandung, Jawa Barat.', 'ciptarasa', '74dc8a2f23da395fd72fd3257457ff56', 'Supplier'),
(6, 'CV Boga Perkasa', '081121454720', 'Jl. Suniaraja No.111, Kb. Jeruk, Kec. Sumur Bandung, Kota Bandung, Jawa Barat.', 'bogaperkasa', '3be122b7905aea0132094ba3f3158503', 'Supplier'),
(7, 'PT Jaya Kencana', '082214658154', 'Jl. Ps. Inpres, RT.004/RW.014 No.66, Gandaria Utara, Kec. Kby. Baru, Kota Jakarta Selatan, DKI Jakarta.', 'jayakencana', 'e8fc68ba17a6a241d580b00f352f8adc', 'Supplier'),
(10, 'Doni Setiawan', NULL, NULL, 'admindoni', '0192023a7bbd73250516f069df18b500', 'Admin'),
(12, 'CV Mega Pratama', '0812198901', 'Jl. Raya Kuningan-Cirebon, Kabupaten Cirebon, Jawa Barat', 'megapratama', '80b0d558cda354c6f83b43997f59cbfc', 'Supplier'),
(13, 'Rini Ramdhani', '0899827283991', 'Jl. Siliwangi', 'rini', '07a7af79e06caf7153289574a97037ff', 'Customer'),
(14, 'Reni Anggraeni', '081212092010', 'Jl. Juanda', 'reni', '1890425f5766b70f24943388cfd4f17a', 'Customer'),
(15, 'Reni Anggraeni', '0877228929102', 'Ciporang', 'reni123', '1890425f5766b70f24943388cfd4f17a', 'Customer'),
(16, 'Deni Sumarna', '081212938301', 'Jl. Rawa Bebek', 'deni', '153e73043890318f86ccd29dec4fa243', 'Customer'),
(17, 'Sandi Rivaldi', '0821290192091', 'Jl. Dewi Sartika', 'sandi', '79672e479fc2fe12f79f44d48821fbb1', 'Customer'),
(18, 'Aulia Damayanti', '087723980928', 'Cilimus ', 'aulia', '9d43863a1e1b460a4632f7c31420d6c3', 'Customer'),
(19, 'atha', '086721', 'karangmangu', 'atha', '94af637759d2b72f1c7bee1832a6f0ad', 'Customer'),
(20, 'fariz', '0876222', 'Karangmangu', 'fariz', 'a9fb784316e285458d773ac56b731bdb', 'Customer'),
(21, 'abid', '089122', 'beber', 'abid', 'd41d8cd98f00b204e9800998ecf8427e', 'Customer'),
(22, 'nisa', '08177', 'depok', 'nisa', '5fad30428811fe378fd389cd7659a33c', 'Customer');

--
-- Indexes for dumped tables
--

--
-- Indexes for table `tbl_bahan`
--
ALTER TABLE `tbl_bahan`
  ADD PRIMARY KEY (`id_bahan`),
  ADD KEY `id_supplier` (`id_supplier`);

--
-- Indexes for table `tbl_bom`
--
ALTER TABLE `tbl_bom`
  ADD PRIMARY KEY (`id_bom`);

--
-- Indexes for table `tbl_bom_detail`
--
ALTER TABLE `tbl_bom_detail`
  ADD PRIMARY KEY (`id_bom_detail`),
  ADD KEY `fk_id_bom` (`id_bom`),
  ADD KEY `fk_id_bahan` (`id_bahan`);

--
-- Indexes for table `tbl_mrp`
--
ALTER TABLE `tbl_mrp`
  ADD PRIMARY KEY (`id_mrp`),
  ADD KEY `fk_id_bahan_mrp` (`id_bahan`);

--
-- Indexes for table `tbl_pengeluaran`
--
ALTER TABLE `tbl_pengeluaran`
  ADD PRIMARY KEY (`id_pengeluaran`),
  ADD KEY `fk_id_bahan_pengeluaran` (`id_bahan`),
  ADD KEY `id_produksi` (`id_transaksi`);

--
-- Indexes for table `tbl_pesanan`
--
ALTER TABLE `tbl_pesanan`
  ADD PRIMARY KEY (`id_pesanan`),
  ADD KEY `id_supplier` (`id_supplier`);

--
-- Indexes for table `tbl_pesanan_detail`
--
ALTER TABLE `tbl_pesanan_detail`
  ADD PRIMARY KEY (`id_pesanan_detail`),
  ADD KEY `id_pesanan` (`id_pesanan`);

--
-- Indexes for table `tbl_transaksi`
--
ALTER TABLE `tbl_transaksi`
  ADD PRIMARY KEY (`id_transaksi`),
  ADD KEY `id_user` (`id_user`);

--
-- Indexes for table `tbl_transaksi_detail`
--
ALTER TABLE `tbl_transaksi_detail`
  ADD PRIMARY KEY (`id_transaksi_detail`),
  ADD KEY `id_transaksi` (`id_transaksi`),
  ADD KEY `id_bom` (`id_bom`);

--
-- Indexes for table `tbl_user`
--
ALTER TABLE `tbl_user`
  ADD PRIMARY KEY (`id_user`),
  ADD UNIQUE KEY `username` (`username`);

--
-- AUTO_INCREMENT for dumped tables
--

--
-- AUTO_INCREMENT for table `tbl_bahan`
--
ALTER TABLE `tbl_bahan`
  MODIFY `id_bahan` int(11) NOT NULL AUTO_INCREMENT, AUTO_INCREMENT=28;

--
-- AUTO_INCREMENT for table `tbl_bom`
--
ALTER TABLE `tbl_bom`
  MODIFY `id_bom` int(11) NOT NULL AUTO_INCREMENT, AUTO_INCREMENT=7;

--
-- AUTO_INCREMENT for table `tbl_bom_detail`
--
ALTER TABLE `tbl_bom_detail`
  MODIFY `id_bom_detail` int(11) NOT NULL AUTO_INCREMENT, AUTO_INCREMENT=72;

--
-- AUTO_INCREMENT for table `tbl_mrp`
--
ALTER TABLE `tbl_mrp`
  MODIFY `id_mrp` int(11) NOT NULL AUTO_INCREMENT, AUTO_INCREMENT=11;

--
-- AUTO_INCREMENT for table `tbl_pengeluaran`
--
ALTER TABLE `tbl_pengeluaran`
  MODIFY `id_pengeluaran` int(11) NOT NULL AUTO_INCREMENT, AUTO_INCREMENT=135;

--
-- AUTO_INCREMENT for table `tbl_pesanan`
--
ALTER TABLE `tbl_pesanan`
  MODIFY `id_pesanan` int(11) NOT NULL AUTO_INCREMENT, AUTO_INCREMENT=59;

--
-- AUTO_INCREMENT for table `tbl_pesanan_detail`
--
ALTER TABLE `tbl_pesanan_detail`
  MODIFY `id_pesanan_detail` int(11) NOT NULL AUTO_INCREMENT, AUTO_INCREMENT=92;

--
-- AUTO_INCREMENT for table `tbl_transaksi`
--
ALTER TABLE `tbl_transaksi`
  MODIFY `id_transaksi` int(11) NOT NULL AUTO_INCREMENT, AUTO_INCREMENT=23;

--
-- AUTO_INCREMENT for table `tbl_transaksi_detail`
--
ALTER TABLE `tbl_transaksi_detail`
  MODIFY `id_transaksi_detail` int(11) NOT NULL AUTO_INCREMENT, AUTO_INCREMENT=29;

--
-- AUTO_INCREMENT for table `tbl_user`
--
ALTER TABLE `tbl_user`
  MODIFY `id_user` int(11) NOT NULL AUTO_INCREMENT, AUTO_INCREMENT=23;

--
-- Constraints for dumped tables
--

--
-- Constraints for table `tbl_bahan`
--
ALTER TABLE `tbl_bahan`
  ADD CONSTRAINT `tbl_bahan_ibfk_1` FOREIGN KEY (`id_supplier`) REFERENCES `tbl_user` (`id_user`);

--
-- Constraints for table `tbl_bom_detail`
--
ALTER TABLE `tbl_bom_detail`
  ADD CONSTRAINT `fk_id_bahan` FOREIGN KEY (`id_bahan`) REFERENCES `tbl_bahan` (`id_bahan`) ON DELETE CASCADE ON UPDATE CASCADE,
  ADD CONSTRAINT `fk_id_bom` FOREIGN KEY (`id_bom`) REFERENCES `tbl_bom` (`id_bom`) ON DELETE CASCADE ON UPDATE CASCADE;

--
-- Constraints for table `tbl_mrp`
--
ALTER TABLE `tbl_mrp`
  ADD CONSTRAINT `fk_id_bahan_mrp` FOREIGN KEY (`id_bahan`) REFERENCES `tbl_bahan` (`id_bahan`) ON DELETE CASCADE ON UPDATE CASCADE;

--
-- Constraints for table `tbl_pengeluaran`
--
ALTER TABLE `tbl_pengeluaran`
  ADD CONSTRAINT `fk_id_bahan_pengeluaran` FOREIGN KEY (`id_bahan`) REFERENCES `tbl_bahan` (`id_bahan`) ON DELETE CASCADE ON UPDATE CASCADE,
  ADD CONSTRAINT `tbl_pengeluaran_ibfk_1` FOREIGN KEY (`id_transaksi`) REFERENCES `tbl_transaksi` (`id_transaksi`);

--
-- Constraints for table `tbl_pesanan`
--
ALTER TABLE `tbl_pesanan`
  ADD CONSTRAINT `tbl_pesanan_ibfk_1` FOREIGN KEY (`id_supplier`) REFERENCES `tbl_user` (`id_user`);

--
-- Constraints for table `tbl_pesanan_detail`
--
ALTER TABLE `tbl_pesanan_detail`
  ADD CONSTRAINT `tbl_pesanan_detail_ibfk_1` FOREIGN KEY (`id_pesanan`) REFERENCES `tbl_pesanan` (`id_pesanan`);

--
-- Constraints for table `tbl_transaksi`
--
ALTER TABLE `tbl_transaksi`
  ADD CONSTRAINT `tbl_transaksi_ibfk_1` FOREIGN KEY (`id_user`) REFERENCES `tbl_user` (`id_user`);

--
-- Constraints for table `tbl_transaksi_detail`
--
ALTER TABLE `tbl_transaksi_detail`
  ADD CONSTRAINT `tbl_transaksi_detail_ibfk_1` FOREIGN KEY (`id_transaksi`) REFERENCES `tbl_transaksi` (`id_transaksi`),
  ADD CONSTRAINT `tbl_transaksi_detail_ibfk_2` FOREIGN KEY (`id_bom`) REFERENCES `tbl_bom` (`id_bom`);
COMMIT;

/*!40101 SET CHARACTER_SET_CLIENT=@OLD_CHARACTER_SET_CLIENT */;
/*!40101 SET CHARACTER_SET_RESULTS=@OLD_CHARACTER_SET_RESULTS */;
/*!40101 SET COLLATION_CONNECTION=@OLD_COLLATION_CONNECTION */;
